InvoiceNo,StockCode,Description,Quantity,UnitPrice,CustomerID,Country,CustomerID
536365,71053,WHITE METAL LANTERN,6,3.39,17850,United Kingdom,1
536365,22752,SET 7 BABUSHKA NESTING BOXES,2,7.65,17850,United Kingdom,2
536365,21730,GLASS STAR FROSTED T-LIGHT HOLDER,6,4.25,17850,United Kingdom,3
536366,22633,HAND WARMER UNION JACK,6,1.85,17850,United Kingdom,4
536366,22632,HAND WARMER RED POLKA DOT,6,1.85,17850,United Kingdom,5
536367,84879,ASSORTED COLOUR BIRD ORNAMENT,32,1.69,13047,United Kingdom,6
536367,22745,POPPY'S PLAYHOUSE BEDROOM ,6,2.1,13047,United Kingdom,7
536367,22748,POPPY'S PLAYHOUSE KITCHEN,6,2.1,13047,United Kingdom,8
536367,22749,FELTCRAFT PRINCESS CHARLOTTE DOLL,8,3.75,13047,United Kingdom,9
536367,22310,IVORY KNITTED MUG COSY ,6,1.65,13047,United Kingdom,10
536367,84969,BOX OF 6 ASSORTED COLOUR TEASPOONS,6,4.25,13047,United Kingdom,11
536367,22623,BOX OF VINTAGE JIGSAW BLOCKS ,3,4.95,13047,United Kingdom,12
536367,22622,BOX OF VINTAGE ALPHABET BLOCKS,2,9.95,13047,United Kingdom,13
536367,21754,HOME BUILDING BLOCK WORD,3,5.95,13047,United Kingdom,14
536367,21755,LOVE BUILDING BLOCK WORD,3,5.95,13047,United Kingdom,15
536367,21777,RECIPE BOX WITH METAL HEART,4,7.95,13047,United Kingdom,16
536367,48187,DOORMAT NEW ENGLAND,4,7.95,13047,United Kingdom,17
536368,22960,JAM MAKING SET WITH JARS,6,4.25,13047,United Kingdom,18
536368,22913,RED COAT RACK PARIS FASHION,3,4.95,13047,United Kingdom,19
536368,22912,YELLOW COAT RACK PARIS FASHION,3,4.95,13047,United Kingdom,20
536368,22914,BLUE COAT RACK PARIS FASHION,3,4.95,13047,United Kingdom,21
536369,21756,BATH BUILDING BLOCK WORD,3,5.95,13047,United Kingdom,22
536370,22728,ALARM CLOCK BAKELIKE PINK,24,3.75,12583,France,23
536370,22727,ALARM CLOCK BAKELIKE RED ,24,3.75,12583,France,24
536370,22726,ALARM CLOCK BAKELIKE GREEN,12,3.75,12583,France,25
536370,21724,PANDA AND BUNNIES STICKER SHEET,12,0.85,12583,France,26
536370,21883,STARS GIFT TAPE ,24,0.65,12583,France,27
536370,10002,INFLATABLE POLITICAL GLOBE ,48,0.85,12583,France,28
536370,21791,VINTAGE HEADS AND TAILS CARD GAME ,24,1.25,12583,France,29
536370,21035,SET/2 RED RETROSPOT TEA TOWELS ,18,2.95,12583,France,30
536370,22326,ROUND SNACK BOXES SET OF4 WOODLAND ,24,2.95,12583,France,31
536370,22629,SPACEBOY LUNCH BOX ,24,1.95,12583,France,32
536370,22659,LUNCH BOX I LOVE LONDON,24,1.95,12583,France,33
536370,22631,CIRCUS PARADE LUNCH BOX ,24,1.95,12583,France,34
536370,22661,CHARLOTTE BAG DOLLY GIRL DESIGN,20,0.85,12583,France,35
536370,21731,RED TOADSTOOL LED NIGHT LIGHT,24,1.65,12583,France,36
536370,22900, SET 2 TEA TOWELS I LOVE LONDON ,24,2.95,12583,France,37
536370,21913,VINTAGE SEASIDE JIGSAW PUZZLES,12,3.75,12583,France,38
536370,22540,MINI JIGSAW CIRCUS PARADE ,24,0.42,12583,France,39
536381,22411,JUMBO SHOPPER VINTAGE RED PAISLEY,10,1.95,15311,United Kingdom,40
536381,82567,"AIRLINE LOUNGE,METAL SIGN",2,2.1,15311,United Kingdom,41
536381,21672,WHITE SPOT RED CERAMIC DRAWER KNOB,6,1.25,15311,United Kingdom,42
536381,22774,RED DRAWER KNOB ACRYLIC EDWARDIAN,24,1.25,15311,United Kingdom,43
536381,22771,CLEAR DRAWER KNOB ACRYLIC EDWARDIAN,24,1.25,15311,United Kingdom,44
536381,71270,PHOTO CLIP LINE,1,1.25,15311,United Kingdom,45
536381,22262,FELT EGG COSY CHICKEN,1,0.85,15311,United Kingdom,46
536381,22637,PIGGY BANK RETROSPOT ,1,2.55,15311,United Kingdom,47
536381,21934,SKULL SHOULDER BAG,10,1.65,15311,United Kingdom,48
536381,21169,YOU'RE CONFUSING ME METAL SIGN ,3,1.69,15311,United Kingdom,49
536381,21166,COOK WITH WINE METAL SIGN ,1,1.95,15311,United Kingdom,50
536381,21175,GIN + TONIC DIET METAL SIGN,2,2.1,15311,United Kingdom,51
536381,22646,CERAMIC STRAWBERRY CAKE MONEY BANK,4,1.45,15311,United Kingdom,52
536381,22176,BLUE OWL SOFT TOY,1,2.95,15311,United Kingdom,53
536381,22438,BALLOON ART MAKE YOUR OWN FLOWERS,1,1.95,15311,United Kingdom,54
536381,21731,RED TOADSTOOL LED NIGHT LIGHT,2,1.65,15311,United Kingdom,55
536381,22778,GLASS CLOCHE SMALL,3,3.95,15311,United Kingdom,56
536381,22719,GUMBALL MONOCHROME COAT RACK,36,1.06,15311,United Kingdom,57
536381,21523,DOORMAT FANCY FONT HOME SWEET HOME,10,6.75,15311,United Kingdom,58
536382,10002,INFLATABLE POLITICAL GLOBE ,12,0.85,16098,United Kingdom,59
536382,21912,VINTAGE SNAKES & LADDERS,8,3.75,16098,United Kingdom,60
536382,21832,CHOCOLATE CALCULATOR,12,1.65,16098,United Kingdom,61
536382,22411,JUMBO SHOPPER VINTAGE RED PAISLEY,10,1.95,16098,United Kingdom,62
536382,22379,RECYCLING BAG RETROSPOT ,10,2.1,16098,United Kingdom,63
536382,22381,TOY TIDY PINK POLKADOT,50,1.85,16098,United Kingdom,64
536382,22798,ANTIQUE GLASS DRESSING TABLE POT,8,2.95,16098,United Kingdom,65
536382,22726,ALARM CLOCK BAKELIKE GREEN,4,3.75,16098,United Kingdom,66
536382,22926,IVORY GIANT GARDEN THERMOMETER,12,5.95,16098,United Kingdom,67
C536391,21983,PACK OF 12 BLUE PAISLEY TISSUES ,-24,0.29,17548,United Kingdom,68
C536391,21980,PACK OF 12 RED RETROSPOT TISSUES ,-24,0.29,17548,United Kingdom,69
C536391,21484,CHICK GREY HOT WATER BOTTLE,-12,3.45,17548,United Kingdom,70
C536391,22557,PLASTERS IN TIN VINTAGE PAISLEY ,-12,1.65,17548,United Kingdom,71
C536391,22553,PLASTERS IN TIN SKULLS,-24,1.65,17548,United Kingdom,72
536392,22150,3 STRIPEY MICE FELTCRAFT,6,1.95,13705,United Kingdom,73
536392,22619,SET OF 6 SOLDIER SKITTLES,4,3.75,13705,United Kingdom,74
536392,21891,TRADITIONAL WOODEN SKIPPING ROPE,12,1.25,13705,United Kingdom,75
536392,21889,WOODEN BOX OF DOMINOES,12,1.25,13705,United Kingdom,76
536392,22827,RUSTIC  SEVENTEEN DRAWER SIDEBOARD,1,165,13705,United Kingdom,77
536392,22127,PARTY CONES CARNIVAL ASSORTED,12,1.25,13705,United Kingdom,78
536392,22128,PARTY CONES CANDY ASSORTED,12,1.25,13705,United Kingdom,79
536392,22502,PICNIC BASKET WICKER SMALL,4,5.95,13705,United Kingdom,80
536392,84879,ASSORTED COLOUR BIRD ORNAMENT,16,1.69,13705,United Kingdom,81
536392,22338,STAR DECORATION PAINTED ZINC ,24,0.65,13705,United Kingdom,82
536393,22180,RETROSPOT LAMP,8,9.95,13747,United Kingdom,83
536394,21506,"FANCY FONT BIRTHDAY CARD, ",24,0.42,13408,United Kingdom,84
536394,22633,HAND WARMER UNION JACK,96,1.85,13408,United Kingdom,85
536394,22866,HAND WARMER SCOTTY DOG DESIGN,96,1.85,13408,United Kingdom,86
536394,22865,HAND WARMER OWL DESIGN,96,1.85,13408,United Kingdom,87
536394,22632,HAND WARMER RED RETROSPOT,96,1.85,13408,United Kingdom,88
536394,21485,RETROSPOT HEART HOT WATER BOTTLE,12,4.95,13408,United Kingdom,89
536394,22349,DOG BOWL CHASING BALL DESIGN,12,3.75,13408,United Kingdom,90
536396,82482,WOODEN PICTURE FRAME WHITE FINISH,6,2.1,17850,United Kingdom,91
536397,35004C,SET OF 3 COLOURED  FLYING DUCKS,48,4.65,17924,United Kingdom,92
536398,21980,PACK OF 12 RED RETROSPOT TISSUES ,24,0.29,13448,United Kingdom,93
536398,21844,RED RETROSPOT MUG,6,2.95,13448,United Kingdom,94
536398,22468,BABUSHKA LIGHTS STRING OF 10,4,6.75,13448,United Kingdom,95
536398,22637,PIGGY BANK RETROSPOT ,8,2.55,13448,United Kingdom,96
536398,22752,SET 7 BABUSHKA NESTING BOXES,6,8.5,13448,United Kingdom,97
536398,48185,DOORMAT FAIRY CAKE,2,7.95,13448,United Kingdom,98
536398,22632,HAND WARMER RED RETROSPOT,12,2.1,13448,United Kingdom,99
536398,22866,HAND WARMER SCOTTY DOG DESIGN,12,2.1,13448,United Kingdom,100
536398,22865,HAND WARMER OWL DESIGN,12,2.1,13448,United Kingdom,101
536398,21232,STRAWBERRY CERAMIC TRINKET BOX,12,1.25,13448,United Kingdom,102
536398,22064,PINK DOUGHNUT TRINKET POT ,12,1.65,13448,United Kingdom,103
536398,22449,SILK PURSE BABUSHKA PINK,6,3.35,13448,United Kingdom,104
536398,22114,HOT WATER BOTTLE TEA AND SYMPATHY,4,3.95,13448,United Kingdom,105
536398,22835,HOT WATER BOTTLE I AM SO POORLY,8,4.65,13448,United Kingdom,106
536398,22112,CHOCOLATE HOT WATER BOTTLE,9,4.95,13448,United Kingdom,107
536398,21479,WHITE SKULL HOT WATER BOTTLE ,4,3.75,13448,United Kingdom,108
536398,22111,SCOTTIE DOG HOT WATER BOTTLE,9,4.95,13448,United Kingdom,109
536399,22632,HAND WARMER RED POLKA DOT,6,1.85,17850,United Kingdom,110
536399,22633,HAND WARMER UNION JACK,6,1.85,17850,United Kingdom,111
536400,22969,HOMEMADE JAM SCENTED CANDLES,12,1.45,13448,United Kingdom,112
536401,22110,BIRD HOUSE HOT WATER BOTTLE,1,2.55,15862,United Kingdom,113
536401,22098,BOUDOIR SQUARE TISSUE BOX,1,1.25,15862,United Kingdom,114
536401,22100,SKULLS SQUARE TISSUE BOX,2,1.25,15862,United Kingdom,115
536401,22766,PHOTO FRAME CORNICE,1,2.95,15862,United Kingdom,116
536401,22451,SILK PURSE BABUSHKA RED,1,3.35,15862,United Kingdom,117
536401,22549,PICTURE DOMINOES,1,1.45,15862,United Kingdom,118
536401,84744,S/6 SEW ON CROCHET FLOWERS,1,1.25,15862,United Kingdom,119
536401,21328,BALLOONS  WRITING SET ,1,1.65,15862,United Kingdom,120
536401,22961,JAM MAKING SET PRINTED,4,1.45,15862,United Kingdom,121
536401,22473,TV DINNER TRAY VINTAGE PAISLEY,1,4.95,15862,United Kingdom,122
536401,22767,TRIPLE PHOTO FRAME CORNICE ,2,9.95,15862,United Kingdom,123
536401,22768,FAMILY PHOTO FRAME CORNICE,1,9.95,15862,United Kingdom,124
536401,21463,MIRRORED DISCO BALL ,1,5.95,15862,United Kingdom,125
536401,21464,DISCO BALL ROTATOR BATTERY OPERATED,1,4.25,15862,United Kingdom,126
536401,20820,SILVER LOOKING MIRROR,3,4.95,15862,United Kingdom,127
536401,85150,LADIES & GENTLEMEN METAL SIGN,1,2.55,15862,United Kingdom,128
536401,22117,METAL SIGN HER DINNER IS SERVED ,1,2.95,15862,United Kingdom,129
536401,21169,YOU'RE CONFUSING ME METAL SIGN ,2,1.69,15862,United Kingdom,130
536401,48129,DOORMAT TOPIARY,1,7.95,15862,United Kingdom,131
536401,82580,BATHROOM METAL SIGN,1,0.55,15862,United Kingdom,132
536401,82578,KITCHEN METAL SIGN,1,0.55,15862,United Kingdom,133
536401,82581,TOILET METAL SIGN,2,0.55,15862,United Kingdom,134
536401,22413,METAL SIGN TAKE IT OR LEAVE IT ,4,2.95,15862,United Kingdom,135
536401,21907,I'M ON HOLIDAY METAL SIGN,2,2.1,15862,United Kingdom,136
536401,22441,GROW YOUR OWN BASIL IN ENAMEL MUG,1,2.1,15862,United Kingdom,137
536401,21122,SET/10 PINK POLKADOT PARTY CANDLES,1,1.25,15862,United Kingdom,138
536401,22851,SET 20 NAPKINS FAIRY CAKES DESIGN ,1,0.85,15862,United Kingdom,139
536401,84991,60 TEATIME FAIRY CAKE CASES,3,0.55,15862,United Kingdom,140
536401,22810,SET OF 6 T-LIGHTS SNOWMEN,1,2.95,15862,United Kingdom,141
536401,22809,SET OF 6 T-LIGHTS SANTA,1,2.95,15862,United Kingdom,142
536401,22435,SET OF 9 HEART SHAPED BALLOONS,2,1.25,15862,United Kingdom,143
536401,20966,SANDWICH BATH SPONGE,3,1.25,15862,United Kingdom,144
536401,20963,APPLE BATH SPONGE,1,1.25,15862,United Kingdom,145
536401,20961,STRAWBERRY BATH SPONGE ,1,1.25,15862,United Kingdom,146
536401,22068,BLACK PIRATE TREASURE CHEST,2,1.65,15862,United Kingdom,147
536401,21743,STAR PORTABLE TABLE LIGHT ,2,2.95,15862,United Kingdom,148
536401,21744,SNOWFLAKE PORTABLE TABLE LIGHT ,2,2.95,15862,United Kingdom,149
536401,21592,RETROSPOT CIGAR BOX MATCHES ,1,1.25,15862,United Kingdom,150
536401,21587,COSY HOUR GIANT TUBE MATCHES,2,2.55,15862,United Kingdom,151
536401,20992,JAZZ HEARTS PURSE NOTEBOOK,9,0.85,15862,United Kingdom,152
536401,22662,LUNCH BAG DOLLY GIRL DESIGN,1,1.65,15862,United Kingdom,153
536401,22804,CANDLEHOLDER PINK HANGING HEART,3,2.95,15862,United Kingdom,154
536401,82483,WOOD 2 DRAWER CABINET WHITE FINISH,1,5.95,15862,United Kingdom,155
536401,20749,ASSORTED COLOUR MINI CASES,1,7.95,15862,United Kingdom,156
536401,20725,LUNCH BAG RED RETROSPOT,1,1.65,15862,United Kingdom,157
536401,22382,LUNCH BAG SPACEBOY DESIGN ,2,1.65,15862,United Kingdom,158
536401,20726,LUNCH BAG WOODLAND,1,1.65,15862,United Kingdom,159
536401,22384,LUNCH BAG PINK POLKADOT,1,1.65,15862,United Kingdom,160
536401,22467,GUMBALL COAT RACK,5,2.55,15862,United Kingdom,161
536401,21108,FAIRY CAKE FLANNEL ASSORTED COLOUR,9,2.55,15862,United Kingdom,162
536401,22848,BREAD BIN DINER STYLE PINK,1,16.95,15862,United Kingdom,163
536401,21033,JUMBO BAG CHARLIE AND LOLA TOYS,4,2.95,15862,United Kingdom,164
536404,22297,HEART IVORY TRELLIS SMALL,24,1.25,16218,United Kingdom,165
536404,22771,CLEAR DRAWER KNOB ACRYLIC EDWARDIAN,12,1.25,16218,United Kingdom,166
536404,22772,PINK DRAWER KNOB ACRYLIC EDWARDIAN,12,1.25,16218,United Kingdom,167
536404,22773,GREEN DRAWER KNOB ACRYLIC EDWARDIAN,12,1.25,16218,United Kingdom,168
536404,22805,BLUE DRAWER KNOB ACRYLIC EDWARDIAN,12,1.25,16218,United Kingdom,169
536404,22469,HEART OF WICKER SMALL,12,1.65,16218,United Kingdom,170
536404,22197,SMALL POPCORN HOLDER,36,0.85,16218,United Kingdom,171
536404,21125,SET 6 FOOTBALL CELEBRATION CANDLES,12,1.25,16218,United Kingdom,172
536404,21126,SET OF 6 GIRLS CELEBRATION CANDLES,12,1.25,16218,United Kingdom,173
536404,21061,PARTY INVITES FOOTBALL,12,0.85,16218,United Kingdom,174
536404,21063,PARTY INVITES JAZZ HEARTS,12,0.85,16218,United Kingdom,175
536404,21062,PARTY INVITES SPACEMAN,12,0.85,16218,United Kingdom,176
536404,84380,SET OF 3 BUTTERFLY COOKIE CUTTERS,12,1.25,16218,United Kingdom,177
536404,84378,SET OF 3 HEART COOKIE CUTTERS,12,1.25,16218,United Kingdom,178
536404,22964,3 PIECE SPACEBOY COOKIE CUTTER SET,12,2.1,16218,United Kingdom,179
536404,21213,PACK OF 72 SKULL CAKE CASES,24,0.55,16218,United Kingdom,180
536404,22417,PACK OF 60 SPACEBOY CAKE CASES,24,0.55,16218,United Kingdom,181
536404,21212,PACK OF 72 RETROSPOT CAKE CASES,24,0.55,16218,United Kingdom,182
536404,84992,72 SWEETHEART FAIRY CAKE CASES,24,0.55,16218,United Kingdom,183
536404,21975,PACK OF 60 DINOSAUR CAKE CASES,24,0.55,16218,United Kingdom,184
536404,22383,LUNCH BAG SUKI  DESIGN ,10,1.65,16218,United Kingdom,185
536404,20728,LUNCH BAG CARS BLUE,10,1.65,16218,United Kingdom,186
536404,20727,LUNCH BAG  BLACK SKULL.,10,1.65,16218,United Kingdom,187
536404,22296,HEART IVORY TRELLIS LARGE,24,1.65,16218,United Kingdom,188
536405,20914,SET/5 RED RETROSPOT LID GLASS BOWLS,128,2.55,14045,United Kingdom,189
536406,85123A,WHITE HANGING HEART T-LIGHT HOLDER,8,2.55,17850,United Kingdom,190
536406,71053,WHITE METAL LANTERN,8,3.39,17850,United Kingdom,191
536406,84406B,CREAM CUPID HEARTS COAT HANGER,8,2.75,17850,United Kingdom,192
536406,20679,EDWARDIAN PARASOL RED,6,4.95,17850,United Kingdom,193
536406,37370,RETRO COFFEE MUGS ASSORTED,6,1.06,17850,United Kingdom,194
536406,21871,SAVE THE PLANET MUG,6,1.06,17850,United Kingdom,195
536406,21071,VINTAGE BILLBOARD DRINK ME MUG,6,1.06,17850,United Kingdom,196
536406,21068,VINTAGE BILLBOARD LOVE/HATE MUG,6,1.06,17850,United Kingdom,197
536406,82483,WOOD 2 DRAWER CABINET WHITE FINISH,4,4.95,17850,United Kingdom,198
536406,82486,WOOD S/3 CABINET ANT WHITE FINISH,4,6.95,17850,United Kingdom,199
536406,82482,WOODEN PICTURE FRAME WHITE FINISH,6,2.1,17850,United Kingdom,200
536406,82494L,WOODEN FRAME ANTIQUE WHITE ,6,2.55,17850,United Kingdom,201
536406,84029G,KNITTED UNION FLAG HOT WATER BOTTLE,6,3.39,17850,United Kingdom,202
536406,84029E,RED WOOLLY HOTTIE WHITE HEART.,6,3.39,17850,United Kingdom,203
536406,22752,SET 7 BABUSHKA NESTING BOXES,2,7.65,17850,United Kingdom,204
536406,22803,IVORY EMBROIDERED QUILT ,2,35.75,17850,United Kingdom,205
536406,21730,GLASS STAR FROSTED T-LIGHT HOLDER,6,4.25,17850,United Kingdom,206
536407,22632,HAND WARMER RED POLKA DOT,6,1.85,17850,United Kingdom,207
536407,22633,HAND WARMER UNION JACK,6,1.85,17850,United Kingdom,208
536408,22537,MAGIC DRAWING SLATE DINOSAUR,24,0.42,14307,United Kingdom,209
536408,22533,MAGIC DRAWING SLATE BAKE A CAKE ,24,0.42,14307,United Kingdom,210
536408,20982,12 PENCILS TALL TUBE SKULLS,12,0.85,14307,United Kingdom,211
536408,21832,CHOCOLATE CALCULATOR,12,1.65,14307,United Kingdom,212
536408,21915,RED  HARMONICA IN BOX ,12,1.25,14307,United Kingdom,213
536408,21914,BLUE HARMONICA IN BOX ,12,1.25,14307,United Kingdom,214
536408,21544,SKULLS  WATER TRANSFER TATTOOS ,12,0.85,14307,United Kingdom,215
536408,22813,PACK 3 BOXES BIRD PANNETONE ,12,1.95,14307,United Kingdom,216
536408,22114,HOT WATER BOTTLE TEA AND SYMPATHY,4,3.95,14307,United Kingdom,217
536408,84029E,RED WOOLLY HOTTIE WHITE HEART.,4,3.75,14307,United Kingdom,218
536408,21479,WHITE SKULL HOT WATER BOTTLE ,4,3.75,14307,United Kingdom,219
536408,22964,3 PIECE SPACEBOY COOKIE CUTTER SET,6,2.1,14307,United Kingdom,220
536408,84375,SET OF 20 KIDS COOKIE CUTTERS,12,2.1,14307,United Kingdom,221
536408,22418,10 COLOUR SPACEBOY PEN,24,0.85,14307,United Kingdom,222
536408,22178,VICTORIAN GLASS HANGING T-LIGHT,12,1.25,14307,United Kingdom,223
536408,84970L,SINGLE HEART ZINC T-LIGHT HOLDER,12,0.95,14307,United Kingdom,224
536408,21733,RED HANGING HEART T-LIGHT HOLDER,6,2.95,14307,United Kingdom,225
536408,22465,HANGING METAL STAR LANTERN,12,1.65,14307,United Kingdom,226
536408,84949,SILVER HANGING T-LIGHT HOLDER,6,1.65,14307,United Kingdom,227
536408,20685,DOORMAT RED RETROSPOT,2,7.95,14307,United Kingdom,228
536408,48194,DOORMAT HEARTS,2,7.95,14307,United Kingdom,229
536408,22488,NATURAL SLATE RECTANGLE CHALKBOARD,12,1.65,14307,United Kingdom,230
536408,22219,LOVEBIRD HANGING DECORATION WHITE ,12,0.85,14307,United Kingdom,231
536408,84879,ASSORTED COLOUR BIRD ORNAMENT,8,1.69,14307,United Kingdom,232
536408,21754,HOME BUILDING BLOCK WORD,3,5.95,14307,United Kingdom,233
536408,21755,LOVE BUILDING BLOCK WORD,3,5.95,14307,United Kingdom,234
536408,22766,PHOTO FRAME CORNICE,8,2.95,14307,United Kingdom,235
536408,22610,PENS ASSORTED FUNNY FACE,36,0.85,14307,United Kingdom,236
536408,22716,CARD CIRCUS PARADE,12,0.42,14307,United Kingdom,237
536408,22706,WRAP COWBOYS  ,25,0.42,14307,United Kingdom,238
536408,22371,AIRLINE BAG VINTAGE TOKYO 78,4,4.25,14307,United Kingdom,239
536408,85014B,RED RETROSPOT UMBRELLA,3,5.95,14307,United Kingdom,240
536408,85014A,BLACK/BLUE POLKADOT UMBRELLA,3,5.95,14307,United Kingdom,241
536408,84997B,RED 3 PIECE RETROSPOT CUTLERY SET,6,3.75,14307,United Kingdom,242
536408,21212,PACK OF 72 RETROSPOT CAKE CASES,24,0.55,14307,United Kingdom,243
536408,21210,SET OF 72 RETROSPOT PAPER  DOILIES,12,1.45,14307,United Kingdom,244
536408,22914,BLUE COAT RACK PARIS FASHION,3,4.95,14307,United Kingdom,245
536408,22553,PLASTERS IN TIN SKULLS,12,1.65,14307,United Kingdom,246
536408,16237,SLEEPING CAT ERASERS,30,0.21,14307,United Kingdom,247
536408,22714,CARD BIRTHDAY COWBOY,12,0.42,14307,United Kingdom,248
536408,22812,PACK 3 BOXES CHRISTMAS PANNETONE,12,1.95,14307,United Kingdom,249
536408,84347,ROTATING SILVER ANGELS T-LIGHT HLDR,6,2.55,14307,United Kingdom,250
536408,21587,COSY HOUR GIANT TUBE MATCHES,12,2.55,14307,United Kingdom,251
536408,22736,RIBBON REEL MAKING SNOWMEN ,10,1.65,14307,United Kingdom,252
536408,22492,MINI PAINT SET VINTAGE ,36,0.65,14307,United Kingdom,253
536408,22620,4 TRADITIONAL SPINNING TOPS,12,1.25,14307,United Kingdom,254
536408,22619,SET OF 6 SOLDIER SKITTLES,4,3.75,14307,United Kingdom,255
536408,21705,BAG 500g SWIRLY MARBLES,12,1.65,14307,United Kingdom,256
536409,90199C,5 STRAND GLASS NECKLACE CRYSTAL,3,6.35,17908,United Kingdom,257
536409,21479,WHITE SKULL HOT WATER BOTTLE ,1,3.75,17908,United Kingdom,258
536409,22111,SCOTTIE DOG HOT WATER BOTTLE,1,4.95,17908,United Kingdom,259
536409,22785,SQUARECUSHION COVER PINK UNION FLAG,1,6.75,17908,United Kingdom,260
536409,22975,SPACEBOY CHILDRENS EGG CUP,1,1.25,17908,United Kingdom,261
536409,22972,CHILDREN'S SPACEBOY MUG,1,1.65,17908,United Kingdom,262
536409,22866,HAND WARMER SCOTTY DOG DESIGN,1,2.1,17908,United Kingdom,263
536409,22568,FELTCRAFT CUSHION OWL,1,3.75,17908,United Kingdom,264
536409,85116,BLACK CANDELABRA T-LIGHT HOLDER,1,2.1,17908,United Kingdom,265
536409,22664,TOY TIDY DOLLY GIRL DESIGN,1,2.1,17908,United Kingdom,266
536409,21609,SET 12 LAVENDER  BOTANICAL T-LIGHTS,1,2.95,17908,United Kingdom,267
536409,21866,UNION JACK FLAG LUGGAGE TAG,1,1.25,17908,United Kingdom,268
536409,20669,RED HEART LUGGAGE TAG,1,1.25,17908,United Kingdom,269
536409,90129F,RED GLASS TASSLE BAG CHARM,1,2.95,17908,United Kingdom,270
536409,90210B,CLEAR ACRYLIC FACETED BANGLE,1,2.95,17908,United Kingdom,271
536409,90199C,5 STRAND GLASS NECKLACE CRYSTAL,1,6.35,17908,United Kingdom,272
536409,21955,DOORMAT UNION JACK GUNS AND ROSES,1,7.95,17908,United Kingdom,273
536409,72802C,VANILLA SCENT CANDLE JEWELLED BOX,1,4.25,17908,United Kingdom,274
536409,22109,FULL ENGLISH BREAKFAST PLATE,1,3.75,17908,United Kingdom,275
536409,85116,BLACK CANDELABRA T-LIGHT HOLDER,5,2.1,17908,United Kingdom,276
536409,22531,MAGIC DRAWING SLATE CIRCUS PARADE  ,1,0.42,17908,United Kingdom,277
536409,21811,CHRISTMAS HANGING HEART WITH BELL,1,1.25,17908,United Kingdom,278
536409,22183,CAKE STAND VICTORIAN FILIGREE MED,1,6.75,17908,United Kingdom,279
536409,21678,PAISLEY PATTERN  STICKERS,6,0.85,17908,United Kingdom,280
536409,21676,FLOWERS  STICKERS,6,0.85,17908,United Kingdom,281
536409,84625A,PINK NEW BAROQUECANDLESTICK CANDLE,1,2.95,17908,United Kingdom,282
536409,84625C,BLUE NEW BAROQUE CANDLESTICK CANDLE,3,2.95,17908,United Kingdom,283
536409,21931,JUMBO STORAGE BAG SUKI,2,1.95,17908,United Kingdom,284
536409,85169B,BLACK LOVE BIRD CANDLE,12,1.25,17908,United Kingdom,285
536409,16238,PARTY TIME PENCIL ERASERS,28,0.21,17908,United Kingdom,286
536409,20668,DISCO BALL CHRISTMAS DECORATION,24,0.12,17908,United Kingdom,287
536409,84906,PINK B'FLY C/COVER W BOBBLES,1,5.95,17908,United Kingdom,288
536409,21867,PINK UNION JACK  LUGGAGE TAG,1,1.25,17908,United Kingdom,289
536409,22075,6 RIBBONS ELEGANT CHRISTMAS ,1,1.65,17908,United Kingdom,290
536409,21866,UNION JACK FLAG LUGGAGE TAG,1,1.25,17908,United Kingdom,291
536409,21326,AGED GLASS SILVER T-LIGHT HOLDER,12,0.65,17908,United Kingdom,292
536409,21065,BOOM BOX SPEAKER GIRLS,1,5.95,17908,United Kingdom,293
536409,22074,6 RIBBONS SHIMMERING PINKS ,1,1.65,17908,United Kingdom,294
536409,22900, SET 2 TEA TOWELS I LOVE LONDON ,1,2.95,17908,United Kingdom,295
536409,20713,JUMBO BAG OWLS,1,1.95,17908,United Kingdom,296
536409,20966,SANDWICH BATH SPONGE,2,1.25,17908,United Kingdom,297
536409,21116,OWL DOORSTOP,1,4.95,17908,United Kingdom,298
536409,90199C,5 STRAND GLASS NECKLACE CRYSTAL,2,6.35,17908,United Kingdom,299
536409,22633,HAND WARMER UNION JACK,1,2.1,17908,United Kingdom,300
536409,22866,HAND WARMER SCOTTY DOG DESIGN,1,2.1,17908,United Kingdom,301
536409,22198,LARGE POPCORN HOLDER ,1,1.65,17908,United Kingdom,302
536409,21824,PAINTED METAL STAR WITH HOLLY BELLS,3,1.45,17908,United Kingdom,303
536409,21823,PAINTED METAL HEART WITH HOLLY BELL,3,1.45,17908,United Kingdom,304
536409,22153,ANGEL DECORATION STARS ON DRESS,6,0.42,17908,United Kingdom,305
536409,22197,SMALL POPCORN HOLDER,2,0.85,17908,United Kingdom,306
536409,85099B,JUMBO BAG RED RETROSPOT,2,1.95,17908,United Kingdom,307
536409,85099F,JUMBO BAG STRAWBERRY,1,1.95,17908,United Kingdom,308
536409,20717,STRAWBERRY SHOPPER BAG,1,1.25,17908,United Kingdom,309
536409,20723,STRAWBERRY CHARLOTTE BAG,1,0.85,17908,United Kingdom,310
536409,22900, SET 2 TEA TOWELS I LOVE LONDON ,1,2.95,17908,United Kingdom,311
536409,21980,PACK OF 12 RED RETROSPOT TISSUES ,12,0.29,17908,United Kingdom,312
536409,22111,SCOTTIE DOG HOT WATER BOTTLE,1,4.95,17908,United Kingdom,313
536409,22112,CHOCOLATE HOT WATER BOTTLE,1,4.95,17908,United Kingdom,314
536412,20728,LUNCH BAG CARS BLUE,3,1.65,17920,United Kingdom,315
536412,22382,LUNCH BAG SPACEBOY DESIGN ,3,1.65,17920,United Kingdom,316
536412,22326,ROUND SNACK BOXES SET OF4 WOODLAND ,1,2.95,17920,United Kingdom,317
536412,22662,LUNCH BAG DOLLY GIRL DESIGN,4,1.65,17920,United Kingdom,318
536412,22383,LUNCH BAG SUKI  DESIGN ,3,1.65,17920,United Kingdom,319
536412,20727,LUNCH BAG  BLACK SKULL.,3,1.65,17920,United Kingdom,320
536412,22328,ROUND SNACK BOXES SET OF 4 FRUITS ,1,2.95,17920,United Kingdom,321
536412,22327,ROUND SNACK BOXES SET OF 4 SKULLS,1,2.95,17920,United Kingdom,322
536412,22630,DOLLY GIRL LUNCH BOX,1,1.95,17920,United Kingdom,323
536412,22629,SPACEBOY LUNCH BOX ,1,1.95,17920,United Kingdom,324
536412,21245,GREEN POLKADOT PLATE ,1,1.69,17920,United Kingdom,325
536412,21244,BLUE POLKADOT PLATE ,1,1.69,17920,United Kingdom,326
536412,21242,RED RETROSPOT PLATE ,1,1.69,17920,United Kingdom,327
536412,21243,PINK  POLKADOT PLATE ,1,1.69,17920,United Kingdom,328
536412,22327,ROUND SNACK BOXES SET OF 4 SKULLS,1,2.95,17920,United Kingdom,329
536412,22273,FELTCRAFT DOLL MOLLY,1,2.95,17920,United Kingdom,330
536412,22940,FELTCRAFT CHRISTMAS FAIRY,3,4.25,17920,United Kingdom,331
536412,22652,TRAVEL SEWING KIT,5,1.65,17920,United Kingdom,332
536412,22759,SET OF 3 NOTEBOOKS IN PARCEL,1,1.65,17920,United Kingdom,333
536412,21880,RED RETROSPOT TAPE,10,0.65,17920,United Kingdom,334
536412,21738,COSY SLIPPER SHOES SMALL  RED ,1,2.95,17920,United Kingdom,335
536412,22077,6 RIBBONS RUSTIC CHARM,1,1.65,17920,United Kingdom,336
